<?xml version="1.0" encoding="UTF-8"?>

<Root
    xmlns:xsi="http://www.w3.org/2001/XMLSchema-instance"
    xmlns="urn:Test.Namespace"  
    xsi:schemaLocation="urn:Test.Namespace Books.xsd"
    >
  
<catalog>
   <book id="bk101">
      <author>Gambardella, Matthew</author>
      <title>XML Developer's Guide</title>
      <genre>Computer</genre>
      <price>44.95</price>
      <publish_date>2000-10-01</publish_date>
   </book>
   <book id="bk102">
      <author>Ralls, Kim</author>
      <title>Midnight Rain</title>
      <genre>Fantasy</genre>
      <price>5.95</price>
      <publish_date>2000-12-16</publish_date>
   </book>
   <book id="bk103">
      <author>Corets, Eva</author>
      <title>Maeve Ascendant</title>
      <genre>Fantasy</genre>
      <price>5.95</price>
      <publish_date>2000-11-17</publish_date>
   </book>
   <book id="bk104">
      <author>Corets, Eva</author>
      <title>Oberon's Legacy</title>
      <genre>Fantasy</genre>
      <price>5.95</price>
      <publish_date>2001-03-10</publish_date>
   </book>
   <book id="bk105">
      <author>Corets, Eva</author>
      <title>The Sundered Grail</title>
      <genre>Fantasy</genre>
      <price>5.95</price>
      <publish_date>2001-09-10</publish_date>
   </book>
   <book id="bk106">
      <author>Randall, Cynthia</author>
      <title>Lover Birds</title>
      <genre>Romance</genre>
      <price>4.95</price>
      <publish_date>2000-09-02</publish_date>
   </book>
   <book id="bk107">
      <author>Thurman, Paula</author>
      <title>Splish Splash</title>
      <genre>Romance</genre>
      <price>4.95</price>
      <publish_date>2000-11-02</publish_date>
   </book>
</catalog>
</Root>