{
	"name": "assql",
	"properties": {
		"linkedServiceName": {
			"referenceName": "lsazsql",
			"type": "LinkedServiceReference"
		},
		"annotations": [],
		"type": "AzureSqlTable",
		"schema": [
			{
				"name": "id",
				"type": "int",
				"precision": 10
			},
			{
				"name": "name",
				"type": "varchar"
			},
			{
				"name": "dept",
				"type": "varchar"
			},
			{
				"name": "isactive",
				"type": "int",
				"precision": 10
			},
			{
				"name": "startdate",
				"type": "date"
			},
			{
				"name": "enddate",
				"type": "date"
			}
		],
		"typeProperties": {
			"schema": "dbo",
			"table": "t_dim_employee"
		}
	}
}