{
	"name": "DimEmp",
	"properties": {
		"linkedServiceName": {
			"referenceName": "lsazsql",
			"type": "LinkedServiceReference"
		},
		"annotations": [],
		"type": "AzureSqlTable",
		"schema": [
			{
				"name": "EmpID",
				"type": "int",
				"precision": 10
			},
			{
				"name": "surrogatekey",
				"type": "nvarchar"
			},
			{
				"name": "Region",
				"type": "nvarchar"
			},
			{
				"name": "Status",
				"type": "nvarchar"
			},
			{
				"name": "EmpFunction",
				"type": "nvarchar"
			},
			{
				"name": "Level",
				"type": "nvarchar"
			},
			{
				"name": "Role",
				"type": "nvarchar"
			},
			{
				"name": "StartDate",
				"type": "date"
			},
			{
				"name": "EndDate",
				"type": "date"
			},
			{
				"name": "iscurrent",
				"type": "int",
				"precision": 10
			},
			{
				"name": "processtime",
				"type": "datetime",
				"precision": 23,
				"scale": 3
			}
		],
		"typeProperties": {
			"tableName": "[dbo].[DimEmp]"
		}
	}
}