{
	"name": "EmployeeFiles",
	"properties": {
		"linkedServiceName": {
			"referenceName": "AzureBlobStorage1",
			"type": "LinkedServiceReference"
		},
		"annotations": [],
		"type": "DelimitedText",
		"typeProperties": {
			"location": {
				"type": "AzureBlobStorageLocation",
				"container": "mycontainer"
			},
			"columnDelimiter": ",",
			"escapeChar": "\\",
			"firstRowAsHeader": true,
			"quoteChar": "\""
		},
		"schema": [
			{
				"name": "EmpID",
				"type": "String"
			},
			{
				"name": "Region",
				"type": "String"
			},
			{
				"name": "Status",
				"type": "String"
			},
			{
				"name": "Function",
				"type": "String"
			},
			{
				"name": "Level",
				"type": "String"
			},
			{
				"name": "Role",
				"type": "String"
			},
			{
				"name": "StartDate",
				"type": "String"
			},
			{
				"name": "EndDate",
				"type": "String"
			}
		]
	}
}