{
	"name": "dataflow7_copy1",
	"properties": {
		"type": "MappingDataFlow",
		"typeProperties": {
			"sources": [
				{
					"dataset": {
						"referenceName": "assql",
						"type": "DatasetReference"
					},
					"name": "sql"
				},
				{
					"dataset": {
						"referenceName": "dsemployee",
						"type": "DatasetReference"
					},
					"name": "csv"
				}
			],
			"sinks": [
				{
					"dataset": {
						"referenceName": "assql",
						"type": "DatasetReference"
					},
					"name": "sink3"
				},
				{
					"dataset": {
						"referenceName": "assql",
						"type": "DatasetReference"
					},
					"name": "sink4"
				}
			],
			"transformations": [
				{
					"name": "RenameCols"
				},
				{
					"name": "DropSQLCols"
				},
				{
					"name": "makeitactive"
				},
				{
					"name": "hashsql"
				},
				{
					"name": "hashcsv"
				},
				{
					"name": "IdentifyUpdates"
				},
				{
					"name": "IdentifyObsolete"
				},
				{
					"name": "makeitinactive"
				},
				{
					"name": "AlterRow1"
				},
				{
					"name": "Filter1"
				}
			],
			"script": "source(output(\n\t\tid as integer,\n\t\tname as string,\n\t\tdept as string,\n\t\tisactive as integer,\n\t\tstartdate as date,\n\t\tenddate as date\n\t),\n\tallowSchemaDrift: true,\n\tvalidateSchema: false,\n\tignoreNoFilesFound: false,\n\tisolationLevel: 'READ_UNCOMMITTED',\n\tformat: 'table') ~> sql\nsource(output(\n\t\tid as short,\n\t\tname as string,\n\t\tdept as string,\n\t\tstartdate as date 'MM/dd/yyyy'\n\t),\n\tallowSchemaDrift: true,\n\tvalidateSchema: false,\n\tignoreNoFilesFound: false,\n\twildcardPaths:['2021/*.csv']) ~> csv\nFilter1 select(mapColumn(\n\t\tsql_id = id,\n\t\tsql_name = name,\n\t\tsql_dept = dept,\n\t\tsql_isactive = isactive,\n\t\tsql_startdate = startdate,\n\t\tsql_enddate = enddate\n\t),\n\tskipDuplicateMapInputs: true,\n\tskipDuplicateMapOutputs: true) ~> RenameCols\nIdentifyUpdates select(mapColumn(\n\t\tid,\n\t\tname,\n\t\tdept,\n\t\tstartdate\n\t),\n\tskipDuplicateMapInputs: true,\n\tskipDuplicateMapOutputs: true) ~> DropSQLCols\nDropSQLCols derive(isactive = toInteger(1),\n\t\tEndDate = toDate('9999-12-31')) ~> makeitactive\nRenameCols derive(hashref = md5(sql_name,sql_dept)) ~> hashsql\ncsv derive(hashinput = md5(name,dept)) ~> hashcsv\nhashcsv, hashsql exists(hashinput!=hashref,\n\tnegate:true,\n\tbroadcast: 'auto')~> IdentifyUpdates\nhashsql, hashcsv exists(sql_id == id && hashinput!=hashref,\n\tnegate:false,\n\tbroadcast: 'auto')~> IdentifyObsolete\nIdentifyObsolete derive(sql_isactive = 0,\n\t\tsql_enddate = currentDate('MM/dd/YYYY')) ~> makeitinactive\nmakeitinactive alterRow(updateIf(true())) ~> AlterRow1\nsql filter(isactive==1) ~> Filter1\nmakeitactive sink(input(\n\t\tid as integer,\n\t\tname as string,\n\t\tdept as string,\n\t\tisactive as integer,\n\t\tstartdate as date,\n\t\tenddate as date\n\t),\n\tallowSchemaDrift: true,\n\tvalidateSchema: false,\n\tdeletable:false,\n\tinsertable:true,\n\tupdateable:false,\n\tupsertable:false,\n\tformat: 'table',\n\tmapColumn(\n\t\tid,\n\t\tname,\n\t\tdept,\n\t\tstartdate,\n\t\tenddate = EndDate,\n\t\tisactive\n\t),\n\tskipDuplicateMapInputs: true,\n\tskipDuplicateMapOutputs: true,\n\terrorHandlingOption: 'stopOnFirstError') ~> sink3\nAlterRow1 sink(input(\n\t\tid as integer,\n\t\tname as string,\n\t\tdept as string,\n\t\tisactive as integer,\n\t\tstartdate as date,\n\t\tenddate as date\n\t),\n\tallowSchemaDrift: true,\n\tvalidateSchema: false,\n\tdeletable:false,\n\tinsertable:false,\n\tupdateable:true,\n\tupsertable:false,\n\tkeys:['id'],\n\tformat: 'table',\n\tmapColumn(\n\t\tid = sql_id,\n\t\tname = sql_name,\n\t\tdept = sql_dept,\n\t\tisactive = sql_isactive,\n\t\tstartdate = sql_startdate,\n\t\tenddate = sql_enddate\n\t),\n\tskipDuplicateMapInputs: true,\n\tskipDuplicateMapOutputs: true,\n\terrorHandlingOption: 'stopOnFirstError') ~> sink4"
		}
	}
}